Divisions	Regions
T5101	PRJ Overhead Property
T5113	A14 Diversions
T6700	Assurance Overheads - London
T5700	Assurance Overheads - North
T6101	Barnet - Depot Overhead
T6102	Barnet - MRP
T6113	Barnet- Diversions
T5000	Business Transformation Overhead
T6000	Business Transformation Overhead
T5502	Cleethorpes - MRP
T5501	Cleethorpes- Depot Overheads
T0003	Connections - Standard
T9200	Connections Transformation Project
T8100	Customer & Communications Overhead
T5008	Disallowed Costs
T5513	Diversions
T5201	Diversions & Rienforcement Delivery Overhead
T5301	Diversions & Rienforcement Delivery Overhead
T6401	Diversions & Rienforcement Delivery Overhead
T6005	DLO Reinstatements
T6007	FCO Base Labour Provision
T8300	Finance Overhead
T6300	Governance Overheads - London
T5300	Governance Overheads - North
T5801	Hitchin - Depot Overhead
T5813	Hitchin - Diversions
T5802	Hitchin - MRP
T8200	HR Overhead
T8500	IT & Systems Overheads
T5601	Kirkby - Depot Overheads
T5613	Kirkby - Diversions
T5602	Kirkby - MRP
T5701	Leicester - Depot Overheads
T5713	Leicester - Diversions
T5702	Leicester - MRP
T6501	LMPS & MRP >12 Delivery Overhead
T8400	Logistics Overhead
T6413	London - Diversions
T6014	London - Medium Pressure
T6004	MOBS
T6601	MOBS Delivery Overhead
T5100	MRP > 12
T5100	Medium Pressure
T5100	Diversions & Reinforcement
T6100	MRP > 12
T6100	Medium Pressure
T6100	Diversions & Reinforcement
T5715	MRP Large Diameter
T6900	MRP Overheads - London
T5900	MRP Overheads - North
T5102	MRP Tier 1 East Of England
T5615	MRP Tier 2 & 3 East of England
T5815	MRP Tier 2 & 3 East of England
T5200	MRP
T5200	Diversions
T5200	Reinforcement
T5200	Medium Pressure
T5200	MOBs
T6200	MRP
T6200	Diversions
T6200	Reinforcement
T6200	Medium Pressure
T6200	MOBs
T6006	NCO Base Labour Provision
T5006	NCO Base Labour Provision - North
T6800	Operations Overhead - London
T5800	Operations Overhead - North
T5810	Overhead EA Reinstatement
T5910	Overhead East Connections
T6301	Romford - Depot Overhead
T6313	Romford - Diversions
T6302	Romford - MRP
T5401	Sheffield - Depot Overheads
T5402	Sheffield - MRP
T8600	SHEQ Overhead
T6201	Slough - Depot Overhead
T6213	Slough - Diversions
T6202	Slough - MRP
T5500	SMT & Support Overheads
T6500	SMT & Support Overheads
T8700	Streetworks Delivery Overhead
T6400	Training
T6600	Transformation Overheads - London
T5600	Transformation Overheads - North
T8000	TRIIO leadership Overhead
T5009	Winter Resource Supply
T6009	Winter Resource Supply
T5901	Witham - Depot Overhead
T5913	Witham - Diversions
T5902	Witham - MRP
