Regions,Locations
Ferns Aggregates,Brentwood Recycling
Ferns Aggregates,Wrotham Quarry Haulage
Ferns Aggregates,Wrotham Quarry Ops
Ferns Drylining,Ferns Drylining
Ferns Surfacing,BT Openreach
Ferns Surfacing,Ferns Head Office
Ferns Surfacing,Heathrow Gas
Ferns Surfacing,Mark Tey Gas
Ferns Surfacing,Overhead Spare
Ferns Surfacing,Pitsea Gas
Ferns Surfacing,SGN Wrotham
Ferns Surfacing,Transport & Plant
Ferns Surfacing,TW Guildford
Ferns Surfacing,TW Heathrow
Ferns Surfacing,TW Leabridge
Ferns Surfacing,TW Thames Valley
Ferns Surfacing,UKPN Downham Market
Ferns Surfacing,UKPN Ipswich
Ferns Surfacing,UKPN Pitsea
Forefront Utilities,BPE
Forefront Utilities,Cadent East
Forefront Utilities,Cadent London
Forefront Utilities,Forefront Head Office
Forefront Utilities,SGN
Forefront Utilities,SGN Connections
Forefront Utilities,SGN Tier 2
O'Rourke Contracting,O'Rourke Head Office
O'Rourke Contracting,OR Civils
O'Rourke Contracting,OR Surfacing