Division,Region
HS Cambridgeshire,HS Cambridgeshire
HS Devon,HS Devon
HS Hampshire,HS Hampshire
HS Hinkley Point,HS Hinkley Point
HS North Somerset,HS North Somerset
HS Oxfordshire,HS Oxfordshire
HS Peterborough,HS Peterborough
HS Somerset,HS Somerset
IS Street Lighting,IS Street Lighting
IS Projects,IS Projects
IS Central Finance,IS Central Finance
IS Central Management,IS Central Management
IS Central Procurement,IS Central Procurement
IS Commercial Overhead,IS Commercial Overhead
IS H&S,IS H&S
IS Highways Services - Central Services,IS Highways Services - Central Services
IS Highways Services - EDSO,IS Highways Services - EDSO
IS HR,IS HR
IS IT,IS IT
IS Planning,IS Planning
IS Training Academy,IS Training Academy
IS Estimating,IS Estimating